Model,Accuracy,AUC,Precision,Recall,F1 Score,MCC
Logistic Regression,0.8543013426156141,0.9135886206017961,0.7502008032128514,0.6218375499334221,0.6800145613396432,0.5910876116044996
Decision Tree,0.8151831592905685,0.7510019010920774,0.6303030303030303,0.6231691078561917,0.6267157683294275,0.5039245876397218
KNN,0.8340792308967346,0.8672780440469134,0.6832479882955377,0.6218375499334221,0.6510979435343325,0.5436094581799102
Naive Bayes,0.6010276810873529,0.8300160221889096,0.3794940079893475,0.9487350199733688,0.5421342971276394,0.38756067140860234
Random Forest,0.8562904027846843,0.9105267867664714,0.7490196078431373,0.6358189081225033,0.6877925819229385,0.5986355120997638
XGBoost,0.8728659041936019,0.9340653277422204,0.789598108747045,0.6671105193075899,0.7232046192710213,0.6452821913060274
